investor_id,sip_count,gap_days,status
INV000004,6,85.4,AT_RISK
INV000008,6,70.4,AT_RISK
INV000010,6,64.8,AT_RISK
INV000011,7,40.166666666666664,AT_RISK
INV000012,8,57.0,AT_RISK
INV000013,7,55.333333333333336,AT_RISK
INV000014,7,75.33333333333333,AT_RISK
INV000023,8,58.57142857142857,AT_RISK
INV000028,6,93.6,AT_RISK
INV000029,7,60.666666666666664,AT_RISK
INV000030,9,47.625,AT_RISK
INV000033,8,45.57142857142857,AT_RISK
INV000039,6,68.6,AT_RISK
INV000045,6,70.6,AT_RISK
INV000048,9,46.0,AT_RISK
INV000052,6,36.2,AT_RISK
INV000056,6,74.8,AT_RISK
INV000057,8,49.714285714285715,AT_RISK
INV000069,10,49.111111111111114,AT_RISK
INV000072,6,83.0,AT_RISK
INV000073,9,48.25,AT_RISK
INV000074,8,72.57142857142857,AT_RISK
INV000075,6,74.8,AT_RISK
INV000076,6,91.8,AT_RISK
INV000079,6,65.8,AT_RISK
INV000081,7,81.33333333333333,AT_RISK
INV000082,7,83.66666666666667,AT_RISK
INV000086,10,44.666666666666664,AT_RISK
INV000087,6,92.8,AT_RISK
INV000091,8,44.0,AT_RISK
INV000093,7,55.5,AT_RISK
INV000094,6,44.8,AT_RISK
INV000095,6,69.4,AT_RISK
INV000097,7,54.5,AT_RISK
INV000101,8,65.0,AT_RISK
INV000102,8,65.28571428571429,AT_RISK
INV000103,6,83.4,AT_RISK
INV000105,8,57.0,AT_RISK
INV000109,9,46.25,AT_RISK
INV000113,8,46.0,AT_RISK
INV000123,7,59.666666666666664,AT_RISK
INV000128,6,82.0,AT_RISK
INV000131,7,56.0,AT_RISK
INV000132,6,71.0,AT_RISK
INV000133,6,88.2,AT_RISK
INV000138,6,76.2,AT_RISK
INV000145,6,89.4,AT_RISK
INV000146,6,66.8,AT_RISK
INV000148,9,52.0,AT_RISK
INV000155,7,37.333333333333336,AT_RISK
INV000161,7,73.0,AT_RISK
INV000163,8,61.0,AT_RISK
INV000164,6,61.8,AT_RISK
INV000169,7,67.83333333333333,AT_RISK
INV000173,7,57.666666666666664,AT_RISK
INV000175,7,83.66666666666667,AT_RISK
INV000177,8,65.42857142857143,AT_RISK
INV000180,6,61.8,AT_RISK
INV000183,9,56.125,AT_RISK
INV000191,7,56.5,AT_RISK
INV000194,7,58.0,AT_RISK
INV000195,6,77.4,AT_RISK
INV000196,7,69.0,AT_RISK
INV000201,9,51.125,AT_RISK
INV000205,8,62.57142857142857,AT_RISK
INV000210,8,70.71428571428571,AT_RISK
INV000214,6,94.8,AT_RISK
INV000217,6,92.0,AT_RISK
INV000228,9,59.75,AT_RISK
INV000236,8,67.14285714285714,AT_RISK
INV000238,6,93.6,AT_RISK
INV000239,8,48.857142857142854,AT_RISK
INV000243,6,88.2,AT_RISK
INV000245,6,92.2,AT_RISK
INV000249,7,45.5,AT_RISK
INV000252,6,50.4,AT_RISK
INV000255,6,48.6,AT_RISK
INV000256,6,70.2,AT_RISK
INV000259,6,70.6,AT_RISK
INV000260,8,59.57142857142857,AT_RISK
INV000262,8,53.57142857142857,AT_RISK
INV000263,8,68.42857142857143,AT_RISK
INV000265,10,53.44444444444444,AT_RISK
INV000268,7,62.333333333333336,AT_RISK
INV000279,9,43.375,AT_RISK
INV000280,9,55.75,AT_RISK
INV000283,6,68.0,AT_RISK
INV000287,7,69.83333333333333,AT_RISK
INV000289,8,62.714285714285715,AT_RISK
INV000291,6,89.0,AT_RISK
INV000292,7,46.0,AT_RISK
INV000293,7,47.0,AT_RISK
INV000297,6,90.6,AT_RISK
INV000299,6,85.2,AT_RISK
INV000304,7,70.0,AT_RISK
INV000309,8,52.0,AT_RISK
INV000310,7,75.83333333333333,AT_RISK
INV000318,6,97.4,AT_RISK
INV000319,7,73.5,AT_RISK
INV000321,7,72.83333333333333,AT_RISK
INV000328,9,37.5,AT_RISK
INV000331,8,50.714285714285715,AT_RISK
INV000334,7,25.5,HEALTHY
INV000335,6,96.0,AT_RISK
INV000339,6,94.0,AT_RISK
INV000341,8,54.42857142857143,AT_RISK
INV000356,6,54.4,AT_RISK
INV000359,9,54.125,AT_RISK
INV000363,7,77.0,AT_RISK
INV000369,6,43.8,AT_RISK
INV000371,8,59.285714285714285,AT_RISK
INV000372,7,54.5,AT_RISK
INV000380,6,97.0,AT_RISK
INV000388,9,53.625,AT_RISK
INV000392,7,77.16666666666667,AT_RISK
INV000395,7,55.666666666666664,AT_RISK
INV000396,6,83.2,AT_RISK
INV000399,10,49.55555555555556,AT_RISK
INV000400,6,62.6,AT_RISK
INV000403,6,58.2,AT_RISK
INV000407,6,82.4,AT_RISK
INV000408,6,46.8,AT_RISK
INV000412,8,43.714285714285715,AT_RISK
INV000414,8,66.28571428571429,AT_RISK
INV000415,7,66.16666666666667,AT_RISK
INV000418,6,86.8,AT_RISK
INV000427,7,68.5,AT_RISK
INV000428,8,52.142857142857146,AT_RISK
INV000429,6,77.2,AT_RISK
INV000437,6,97.8,AT_RISK
INV000440,8,69.57142857142857,AT_RISK
INV000441,6,60.8,AT_RISK
INV000444,6,73.2,AT_RISK
INV000445,9,57.75,AT_RISK
INV000446,6,38.6,AT_RISK
INV000449,6,46.8,AT_RISK
INV000452,9,49.375,AT_RISK
INV000457,6,91.4,AT_RISK
INV000460,6,43.4,AT_RISK
INV000463,7,65.16666666666667,AT_RISK
INV000466,7,73.33333333333333,AT_RISK
INV000467,10,56.666666666666664,AT_RISK
INV000469,7,70.5,AT_RISK
INV000483,8,70.42857142857143,AT_RISK
INV000491,6,95.0,AT_RISK
INV000493,10,47.55555555555556,AT_RISK
INV000497,7,71.83333333333333,AT_RISK
INV000499,7,77.83333333333333,AT_RISK
INV000507,7,70.16666666666667,AT_RISK
INV000512,9,54.75,AT_RISK
INV000522,6,100.8,AT_RISK
INV000524,7,55.0,AT_RISK
INV000527,6,50.8,AT_RISK
INV000529,6,59.2,AT_RISK
INV000531,7,47.0,AT_RISK
INV000539,7,77.0,AT_RISK
INV000540,7,73.5,AT_RISK
INV000543,7,83.66666666666667,AT_RISK
INV000545,6,80.6,AT_RISK
INV000546,9,55.0,AT_RISK
INV000547,6,55.8,AT_RISK
INV000549,6,96.2,AT_RISK
INV000553,6,72.0,AT_RISK
INV000554,6,70.2,AT_RISK
INV000556,8,52.42857142857143,AT_RISK
INV000562,6,74.4,AT_RISK
INV000563,7,76.33333333333333,AT_RISK
INV000566,7,35.0,HEALTHY
INV000567,6,63.8,AT_RISK
INV000568,6,62.4,AT_RISK
INV000570,8,67.28571428571429,AT_RISK
INV000573,7,50.833333333333336,AT_RISK
INV000575,6,71.6,AT_RISK
INV000578,7,66.83333333333333,AT_RISK
INV000581,7,78.33333333333333,AT_RISK
INV000586,7,44.5,AT_RISK
INV000589,9,59.125,AT_RISK
INV000591,7,64.5,AT_RISK
INV000593,6,74.2,AT_RISK
INV000596,9,51.75,AT_RISK
INV000597,6,88.6,AT_RISK
INV000599,7,81.5,AT_RISK
INV000607,7,66.66666666666667,AT_RISK
INV000608,6,100.2,AT_RISK
INV000609,6,47.0,AT_RISK
INV000612,11,49.3,AT_RISK
INV000615,7,55.833333333333336,AT_RISK
INV000624,7,31.666666666666668,HEALTHY
INV000625,6,86.4,AT_RISK
INV000630,7,68.66666666666667,AT_RISK
INV000631,6,54.0,AT_RISK
INV000634,9,52.25,AT_RISK
INV000635,6,75.0,AT_RISK
INV000641,6,54.8,AT_RISK
INV000642,9,53.5,AT_RISK
INV000645,6,66.0,AT_RISK
INV000646,7,62.333333333333336,AT_RISK
INV000651,6,94.0,AT_RISK
INV000652,6,93.8,AT_RISK
INV000657,8,64.71428571428571,AT_RISK
INV000662,8,66.14285714285714,AT_RISK
INV000663,6,94.4,AT_RISK
INV000665,10,36.22222222222222,AT_RISK
INV000667,6,68.0,AT_RISK
INV000673,6,92.8,AT_RISK
INV000675,6,62.8,AT_RISK
INV000676,11,35.3,AT_RISK
INV000678,7,63.333333333333336,AT_RISK
INV000683,9,54.5,AT_RISK
INV000690,8,56.285714285714285,AT_RISK
INV000691,6,66.4,AT_RISK
INV000698,9,52.25,AT_RISK
INV000699,6,42.8,AT_RISK
INV000701,7,83.66666666666667,AT_RISK
INV000707,9,34.375,HEALTHY
INV000709,7,65.16666666666667,AT_RISK
INV000710,6,88.6,AT_RISK
INV000714,9,37.0,AT_RISK
INV000718,7,57.833333333333336,AT_RISK
INV000719,7,72.83333333333333,AT_RISK
INV000724,6,81.2,AT_RISK
INV000725,7,67.66666666666667,AT_RISK
INV000734,8,64.0,AT_RISK
INV000737,6,92.6,AT_RISK
INV000747,6,84.6,AT_RISK
INV000750,9,26.5,HEALTHY
INV000751,9,53.0,AT_RISK
INV000754,7,72.33333333333333,AT_RISK
INV000759,7,83.0,AT_RISK
INV000761,7,75.16666666666667,AT_RISK
INV000768,8,60.0,AT_RISK
INV000772,6,46.0,AT_RISK
INV000774,7,73.66666666666667,AT_RISK
INV000776,8,59.42857142857143,AT_RISK
INV000777,6,66.0,AT_RISK
INV000778,8,59.714285714285715,AT_RISK
INV000779,6,75.0,AT_RISK
INV000783,6,89.8,AT_RISK
INV000785,6,32.6,HEALTHY
INV000786,9,64.125,AT_RISK
INV000789,8,55.142857142857146,AT_RISK
INV000793,8,69.14285714285714,AT_RISK
INV000803,7,77.16666666666667,AT_RISK
INV000814,6,94.0,AT_RISK
INV000822,7,55.5,AT_RISK
INV000823,7,39.666666666666664,AT_RISK
INV000827,8,58.285714285714285,AT_RISK
INV000830,6,72.2,AT_RISK
INV000833,8,67.28571428571429,AT_RISK
INV000836,6,84.8,AT_RISK
INV000843,6,55.6,AT_RISK
INV000844,7,66.16666666666667,AT_RISK
INV000847,6,47.8,AT_RISK
INV000853,10,49.333333333333336,AT_RISK
INV000854,9,61.25,AT_RISK
INV000858,9,44.875,AT_RISK
INV000862,6,91.2,AT_RISK
INV000864,6,40.8,AT_RISK
INV000865,9,45.75,AT_RISK
INV000869,6,65.4,AT_RISK
INV000873,7,73.5,AT_RISK
INV000874,9,62.125,AT_RISK
INV000877,6,59.4,AT_RISK
INV000881,10,46.111111111111114,AT_RISK
INV000887,7,65.66666666666667,AT_RISK
INV000888,7,80.33333333333333,AT_RISK
INV000893,7,59.5,AT_RISK
INV000894,6,55.0,AT_RISK
INV000901,6,54.0,AT_RISK
INV000907,6,59.2,AT_RISK
INV000920,6,75.6,AT_RISK
INV000926,6,80.0,AT_RISK
INV000929,7,58.166666666666664,AT_RISK
INV000930,8,32.42857142857143,HEALTHY
INV000935,9,30.875,HEALTHY
INV000939,8,60.57142857142857,AT_RISK
INV000942,7,53.0,AT_RISK
INV000949,7,67.5,AT_RISK
INV000950,6,91.0,AT_RISK
INV000971,7,46.833333333333336,AT_RISK
INV000974,7,73.5,AT_RISK
INV000977,10,48.77777777777778,AT_RISK
INV000979,6,79.8,AT_RISK
INV000980,8,44.42857142857143,AT_RISK
INV000981,6,50.4,AT_RISK
INV000986,7,60.833333333333336,AT_RISK
INV000994,6,63.8,AT_RISK
INV001001,8,60.285714285714285,AT_RISK
INV001002,7,41.666666666666664,AT_RISK
INV001005,6,93.6,AT_RISK
INV001008,7,64.66666666666667,AT_RISK
INV001013,6,96.8,AT_RISK
INV001017,6,67.0,AT_RISK
INV001019,9,44.875,AT_RISK
INV001021,7,68.66666666666667,AT_RISK
INV001023,8,72.42857142857143,AT_RISK
INV001025,6,38.8,AT_RISK
INV001026,6,69.4,AT_RISK
INV001037,10,42.0,AT_RISK
INV001039,6,66.2,AT_RISK
INV001041,7,83.0,AT_RISK
INV001047,7,66.16666666666667,AT_RISK
INV001048,8,47.0,AT_RISK
INV001051,8,54.142857142857146,AT_RISK
INV001053,8,55.857142857142854,AT_RISK
INV001055,6,93.2,AT_RISK
INV001060,9,53.375,AT_RISK
INV001061,9,51.125,AT_RISK
INV001063,8,43.285714285714285,AT_RISK
INV001064,9,59.5,AT_RISK
INV001069,8,41.285714285714285,AT_RISK
INV001070,6,97.0,AT_RISK
INV001092,7,77.33333333333333,AT_RISK
INV001099,8,26.142857142857142,HEALTHY
INV001102,7,55.333333333333336,AT_RISK
INV001115,6,81.4,AT_RISK
INV001116,9,58.125,AT_RISK
INV001117,8,61.714285714285715,AT_RISK
INV001130,7,76.83333333333333,AT_RISK
INV001137,7,57.0,AT_RISK
INV001140,6,60.4,AT_RISK
INV001141,6,97.6,AT_RISK
INV001142,7,42.833333333333336,AT_RISK
INV001156,6,102.4,AT_RISK
INV001160,8,57.57142857142857,AT_RISK
INV001161,6,80.6,AT_RISK
INV001163,7,67.33333333333333,AT_RISK
INV001167,6,96.2,AT_RISK
INV001170,6,68.2,AT_RISK
INV001173,6,67.0,AT_RISK
INV001178,7,79.66666666666667,AT_RISK
INV001180,6,74.4,AT_RISK
INV001181,8,67.42857142857143,AT_RISK
INV001190,6,97.0,AT_RISK
INV001195,8,53.42857142857143,AT_RISK
INV001196,6,92.2,AT_RISK
INV001202,8,58.0,AT_RISK
INV001206,6,83.6,AT_RISK
INV001208,7,51.833333333333336,AT_RISK
INV001210,9,36.875,AT_RISK
INV001217,8,60.142857142857146,AT_RISK
INV001219,8,50.857142857142854,AT_RISK
INV001220,7,77.16666666666667,AT_RISK
INV001223,7,70.83333333333333,AT_RISK
INV001234,8,60.57142857142857,AT_RISK
INV001235,9,59.0,AT_RISK
INV001237,6,98.0,AT_RISK
INV001238,7,68.5,AT_RISK
INV001242,6,69.8,AT_RISK
INV001251,6,82.0,AT_RISK
INV001262,7,44.833333333333336,AT_RISK
INV001274,7,73.33333333333333,AT_RISK
INV001275,7,66.66666666666667,AT_RISK
INV001282,6,67.0,AT_RISK
INV001287,6,92.2,AT_RISK
INV001288,7,45.666666666666664,AT_RISK
INV001291,6,76.2,AT_RISK
INV001295,9,50.75,AT_RISK
INV001298,7,71.83333333333333,AT_RISK
INV001299,9,51.25,AT_RISK
INV001304,6,97.6,AT_RISK
INV001308,9,54.625,AT_RISK
INV001310,6,81.2,AT_RISK
INV001314,10,50.44444444444444,AT_RISK
INV001315,7,51.833333333333336,AT_RISK
INV001316,6,92.4,AT_RISK
INV001317,6,84.8,AT_RISK
INV001318,10,46.22222222222222,AT_RISK
INV001326,8,69.42857142857143,AT_RISK
INV001329,6,68.2,AT_RISK
INV001331,6,94.2,AT_RISK
INV001332,7,80.0,AT_RISK
INV001333,7,78.66666666666667,AT_RISK
INV001336,8,65.85714285714286,AT_RISK
INV001348,7,47.833333333333336,AT_RISK
INV001351,7,70.5,AT_RISK
INV001355,6,60.2,AT_RISK
INV001356,6,79.2,AT_RISK
INV001359,7,72.5,AT_RISK
INV001361,7,50.5,AT_RISK
INV001367,6,99.0,AT_RISK
INV001375,7,78.5,AT_RISK
INV001376,7,78.66666666666667,AT_RISK
INV001383,8,56.142857142857146,AT_RISK
INV001387,9,57.25,AT_RISK
INV001394,8,63.57142857142857,AT_RISK
INV001400,6,76.8,AT_RISK
INV001401,6,68.6,AT_RISK
INV001406,10,47.666666666666664,AT_RISK
INV001407,6,45.2,AT_RISK
INV001415,8,68.14285714285714,AT_RISK
INV001418,6,88.6,AT_RISK
INV001419,6,85.8,AT_RISK
INV001423,8,48.57142857142857,AT_RISK
INV001428,6,79.4,AT_RISK
INV001432,6,71.4,AT_RISK
INV001434,6,80.6,AT_RISK
INV001442,9,57.125,AT_RISK
INV001454,7,73.0,AT_RISK
INV001455,8,64.71428571428571,AT_RISK
INV001457,6,43.8,AT_RISK
INV001458,7,59.833333333333336,AT_RISK
INV001466,6,44.6,AT_RISK
INV001472,6,79.0,AT_RISK
INV001482,6,80.6,AT_RISK
INV001485,9,55.0,AT_RISK
INV001491,6,98.8,AT_RISK
INV001497,9,63.0,AT_RISK
INV001504,9,54.25,AT_RISK
INV001507,6,86.2,AT_RISK
INV001510,7,66.83333333333333,AT_RISK
INV001514,7,51.833333333333336,AT_RISK
INV001516,6,56.8,AT_RISK
INV001526,6,50.4,AT_RISK
INV001530,7,64.66666666666667,AT_RISK
INV001532,7,56.833333333333336,AT_RISK
INV001536,7,69.0,AT_RISK
INV001545,6,92.8,AT_RISK
INV001547,7,72.16666666666667,AT_RISK
INV001548,6,80.6,AT_RISK
INV001550,7,79.0,AT_RISK
INV001551,6,61.8,AT_RISK
INV001562,10,44.22222222222222,AT_RISK
INV001564,8,55.714285714285715,AT_RISK
INV001569,6,83.4,AT_RISK
INV001579,7,75.0,AT_RISK
INV001580,7,45.666666666666664,AT_RISK
INV001585,6,56.6,AT_RISK
INV001587,7,65.0,AT_RISK
INV001597,7,56.0,AT_RISK
INV001599,6,58.2,AT_RISK
INV001602,6,93.8,AT_RISK
INV001603,7,54.5,AT_RISK
INV001605,8,60.57142857142857,AT_RISK
INV001606,7,67.66666666666667,AT_RISK
INV001616,9,53.0,AT_RISK
INV001623,6,92.0,AT_RISK
INV001625,6,72.0,AT_RISK
INV001628,8,51.714285714285715,AT_RISK
INV001629,7,67.5,AT_RISK
INV001631,6,57.0,AT_RISK
INV001636,9,48.875,AT_RISK
INV001641,6,88.4,AT_RISK
INV001644,6,65.6,AT_RISK
INV001645,6,67.6,AT_RISK
INV001649,10,51.666666666666664,AT_RISK
INV001651,7,78.66666666666667,AT_RISK
INV001653,6,55.2,AT_RISK
INV001654,7,56.0,AT_RISK
INV001656,8,59.857142857142854,AT_RISK
INV001662,6,60.2,AT_RISK
INV001672,9,34.0,HEALTHY
INV001673,11,49.3,AT_RISK
INV001680,9,58.875,AT_RISK
INV001683,7,72.5,AT_RISK
INV001689,6,83.6,AT_RISK
INV001690,7,81.16666666666667,AT_RISK
INV001691,6,82.0,AT_RISK
INV001694,8,66.14285714285714,AT_RISK
INV001697,9,62.5,AT_RISK
INV001699,6,83.2,AT_RISK
INV001709,6,51.8,AT_RISK
INV001711,7,65.83333333333333,AT_RISK
INV001712,6,66.6,AT_RISK
INV001715,8,68.28571428571429,AT_RISK
INV001718,6,84.0,AT_RISK
INV001724,7,69.66666666666667,AT_RISK
INV001728,8,50.57142857142857,AT_RISK
INV001737,7,56.833333333333336,AT_RISK
INV001738,9,47.5,AT_RISK
INV001739,9,52.5,AT_RISK
INV001741,6,89.4,AT_RISK
INV001744,7,78.5,AT_RISK
INV001752,7,69.33333333333333,AT_RISK
INV001753,11,42.8,AT_RISK
INV001757,8,55.57142857142857,AT_RISK
INV001759,10,49.55555555555556,AT_RISK
INV001769,6,98.0,AT_RISK
INV001772,6,95.0,AT_RISK
INV001775,8,29.142857142857142,HEALTHY
INV001777,9,57.625,AT_RISK
INV001778,8,63.57142857142857,AT_RISK
INV001797,7,79.66666666666667,AT_RISK
INV001800,7,49.666666666666664,AT_RISK
INV001802,7,61.666666666666664,AT_RISK
INV001803,6,59.0,AT_RISK
INV001804,8,55.857142857142854,AT_RISK
INV001806,8,60.0,AT_RISK
INV001809,6,95.6,AT_RISK
INV001811,9,54.25,AT_RISK
INV001822,6,19.8,HEALTHY
INV001823,8,58.142857142857146,AT_RISK
INV001826,6,51.2,AT_RISK
INV001828,8,44.42857142857143,AT_RISK
INV001831,6,72.8,AT_RISK
INV001837,7,62.833333333333336,AT_RISK
INV001841,6,56.2,AT_RISK
INV001853,8,47.42857142857143,AT_RISK
INV001858,8,55.142857142857146,AT_RISK
INV001865,7,63.5,AT_RISK
INV001866,6,58.8,AT_RISK
INV001870,7,76.0,AT_RISK
INV001871,7,55.0,AT_RISK
INV001883,6,99.2,AT_RISK
INV001885,6,71.2,AT_RISK
INV001886,9,50.75,AT_RISK
INV001890,6,102.6,AT_RISK
INV001891,6,96.4,AT_RISK
INV001909,8,62.142857142857146,AT_RISK
INV001912,6,86.4,AT_RISK
INV001920,7,39.0,AT_RISK
INV001921,8,68.57142857142857,AT_RISK
INV001923,7,80.66666666666667,AT_RISK
INV001924,7,59.166666666666664,AT_RISK
INV001927,6,58.8,AT_RISK
INV001929,6,66.2,AT_RISK
INV001937,8,60.42857142857143,AT_RISK
INV001938,9,43.0,AT_RISK
INV001943,6,74.4,AT_RISK
INV001950,7,60.166666666666664,AT_RISK
INV001951,7,58.833333333333336,AT_RISK
INV001954,6,86.8,AT_RISK
INV001955,6,76.0,AT_RISK
INV001961,6,83.4,AT_RISK
INV001969,6,79.2,AT_RISK
INV001971,8,54.714285714285715,AT_RISK
INV001972,8,42.42857142857143,AT_RISK
INV001978,6,83.2,AT_RISK
INV001979,6,55.4,AT_RISK
INV001982,6,85.8,AT_RISK
INV001986,7,47.666666666666664,AT_RISK
INV001987,7,67.0,AT_RISK
INV001990,8,45.285714285714285,AT_RISK
INV001993,6,56.6,AT_RISK
INV001995,6,48.6,AT_RISK
INV001997,6,88.6,AT_RISK
INV002001,6,84.8,AT_RISK
INV002006,6,73.6,AT_RISK
INV002010,6,74.6,AT_RISK
INV002017,7,44.666666666666664,AT_RISK
INV002018,6,63.6,AT_RISK
INV002019,6,68.8,AT_RISK
INV002025,7,55.833333333333336,AT_RISK
INV002033,7,55.0,AT_RISK
INV002034,8,69.0,AT_RISK
INV002037,6,33.2,HEALTHY
INV002038,6,84.0,AT_RISK
INV002051,6,78.6,AT_RISK
INV002052,7,44.166666666666664,AT_RISK
INV002069,10,47.55555555555556,AT_RISK
INV002070,7,81.33333333333333,AT_RISK
INV002083,10,51.666666666666664,AT_RISK
INV002085,6,65.0,AT_RISK
INV002090,6,90.2,AT_RISK
INV002092,7,33.5,HEALTHY
INV002101,6,80.2,AT_RISK
INV002102,6,44.8,AT_RISK
INV002107,8,71.14285714285714,AT_RISK
INV002111,8,62.42857142857143,AT_RISK
INV002119,6,78.0,AT_RISK
INV002121,7,68.5,AT_RISK
INV002122,7,40.333333333333336,AT_RISK
INV002127,6,60.2,AT_RISK
INV002134,7,82.66666666666667,AT_RISK
INV002138,6,91.8,AT_RISK
INV002142,9,45.5,AT_RISK
INV002143,8,63.57142857142857,AT_RISK
INV002149,8,42.285714285714285,AT_RISK
INV002150,6,73.6,AT_RISK
INV002151,9,60.375,AT_RISK
INV002153,7,67.83333333333333,AT_RISK
INV002154,6,89.4,AT_RISK
INV002155,6,78.0,AT_RISK
INV002157,7,58.5,AT_RISK
INV002159,6,65.0,AT_RISK
INV002162,9,58.375,AT_RISK
INV002166,6,99.2,AT_RISK
INV002171,7,55.833333333333336,AT_RISK
INV002177,7,73.0,AT_RISK
INV002178,8,66.42857142857143,AT_RISK
INV002179,8,54.142857142857146,AT_RISK
INV002182,7,70.5,AT_RISK
INV002185,6,48.4,AT_RISK
INV002186,7,74.83333333333333,AT_RISK
INV002187,7,67.83333333333333,AT_RISK
INV002195,9,49.25,AT_RISK
INV002196,8,62.142857142857146,AT_RISK
INV002198,9,43.0,AT_RISK
INV002199,7,50.833333333333336,AT_RISK
INV002202,8,70.42857142857143,AT_RISK
INV002206,7,49.0,AT_RISK
INV002208,7,71.33333333333333,AT_RISK
INV002211,7,63.833333333333336,AT_RISK
INV002216,8,61.714285714285715,AT_RISK
INV002218,6,67.8,AT_RISK
INV002219,8,70.85714285714286,AT_RISK
INV002228,6,68.6,AT_RISK
INV002229,6,64.6,AT_RISK
INV002230,8,57.57142857142857,AT_RISK
INV002232,7,69.16666666666667,AT_RISK
INV002236,7,73.66666666666667,AT_RISK
INV002237,7,51.666666666666664,AT_RISK
INV002240,7,77.83333333333333,AT_RISK
INV002241,7,65.66666666666667,AT_RISK
INV002251,6,62.6,AT_RISK
INV002256,6,75.6,AT_RISK
INV002259,7,45.333333333333336,AT_RISK
INV002260,6,77.8,AT_RISK
INV002265,7,63.166666666666664,AT_RISK
INV002277,7,67.33333333333333,AT_RISK
INV002280,7,71.66666666666667,AT_RISK
INV002282,6,53.2,AT_RISK
INV002284,6,85.0,AT_RISK
INV002290,6,61.6,AT_RISK
INV002294,8,48.714285714285715,AT_RISK
INV002295,7,64.5,AT_RISK
INV002298,6,23.2,HEALTHY
INV002304,10,42.55555555555556,AT_RISK
INV002315,7,71.83333333333333,AT_RISK
INV002319,7,60.0,AT_RISK
INV002322,6,63.4,AT_RISK
INV002327,6,76.4,AT_RISK
INV002329,7,57.0,AT_RISK
INV002342,6,74.2,AT_RISK
INV002343,9,57.75,AT_RISK
INV002347,9,40.5,AT_RISK
INV002348,6,94.4,AT_RISK
INV002349,6,52.2,AT_RISK
INV002351,6,77.2,AT_RISK
INV002357,7,68.33333333333333,AT_RISK
INV002360,9,56.125,AT_RISK
INV002361,6,55.4,AT_RISK
INV002367,7,52.5,AT_RISK
INV002368,7,61.166666666666664,AT_RISK
INV002369,6,60.0,AT_RISK
INV002370,7,70.16666666666667,AT_RISK
INV002372,6,95.2,AT_RISK
INV002373,8,70.14285714285714,AT_RISK
INV002374,6,21.2,HEALTHY
INV002384,10,39.111111111111114,AT_RISK
INV002388,6,33.2,HEALTHY
INV002389,10,50.77777777777778,AT_RISK
INV002390,6,47.0,AT_RISK
INV002391,6,40.2,AT_RISK
INV002395,6,97.0,AT_RISK
INV002400,9,55.375,AT_RISK
INV002401,8,59.142857142857146,AT_RISK
INV002402,7,47.166666666666664,AT_RISK
INV002407,7,47.833333333333336,AT_RISK
INV002409,8,55.57142857142857,AT_RISK
INV002413,8,53.0,AT_RISK
INV002415,8,57.42857142857143,AT_RISK
INV002417,7,83.33333333333333,AT_RISK
INV002418,6,91.6,AT_RISK
INV002420,6,72.8,AT_RISK
INV002422,10,50.333333333333336,AT_RISK
INV002429,6,78.6,AT_RISK
INV002434,6,88.2,AT_RISK
INV002437,7,49.166666666666664,AT_RISK
INV002445,8,38.142857142857146,AT_RISK
INV002453,7,63.0,AT_RISK
INV002458,6,72.4,AT_RISK
INV002459,8,53.714285714285715,AT_RISK
INV002463,6,95.4,AT_RISK
INV002464,6,35.4,AT_RISK
INV002466,7,80.66666666666667,AT_RISK
INV002467,8,38.857142857142854,AT_RISK
INV002471,6,56.4,AT_RISK
INV002475,10,49.666666666666664,AT_RISK
INV002476,6,86.0,AT_RISK
INV002485,6,70.4,AT_RISK
INV002490,8,70.0,AT_RISK
INV002495,6,82.2,AT_RISK
INV002496,6,53.0,AT_RISK
INV002497,8,67.28571428571429,AT_RISK
INV002508,9,51.625,AT_RISK
INV002509,10,33.666666666666664,HEALTHY
INV002510,7,64.33333333333333,AT_RISK
INV002521,6,74.6,AT_RISK
INV002527,7,49.666666666666664,AT_RISK
INV002530,8,71.42857142857143,AT_RISK
INV002531,7,76.33333333333333,AT_RISK
INV002543,7,74.66666666666667,AT_RISK
INV002547,6,89.0,AT_RISK
INV002552,10,48.22222222222222,AT_RISK
INV002554,7,49.666666666666664,AT_RISK
INV002555,7,72.0,AT_RISK
INV002557,7,67.16666666666667,AT_RISK
INV002558,6,97.6,AT_RISK
INV002560,6,95.2,AT_RISK
INV002563,6,65.8,AT_RISK
INV002567,6,82.0,AT_RISK
INV002568,8,61.57142857142857,AT_RISK
INV002570,7,62.0,AT_RISK
INV002572,8,55.714285714285715,AT_RISK
INV002574,6,79.4,AT_RISK
INV002575,9,56.125,AT_RISK
INV002579,6,40.8,AT_RISK
INV002582,6,77.4,AT_RISK
INV002585,6,65.0,AT_RISK
INV002586,6,87.2,AT_RISK
INV002590,10,50.22222222222222,AT_RISK
INV002591,6,52.2,AT_RISK
INV002594,6,94.0,AT_RISK
INV002598,9,51.375,AT_RISK
INV002602,8,66.0,AT_RISK
INV002606,6,89.6,AT_RISK
INV002613,8,65.0,AT_RISK
INV002622,7,76.66666666666667,AT_RISK
INV002627,6,85.0,AT_RISK
INV002628,6,77.0,AT_RISK
INV002632,8,65.57142857142857,AT_RISK
INV002640,7,70.0,AT_RISK
INV002643,6,74.2,AT_RISK
INV002645,7,45.166666666666664,AT_RISK
INV002654,8,61.857142857142854,AT_RISK
INV002659,7,62.333333333333336,AT_RISK
INV002666,7,53.166666666666664,AT_RISK
INV002671,7,77.16666666666667,AT_RISK
INV002673,8,65.0,AT_RISK
INV002674,6,75.8,AT_RISK
INV002675,8,63.857142857142854,AT_RISK
INV002681,7,83.66666666666667,AT_RISK
INV002684,6,80.6,AT_RISK
INV002688,9,37.0,AT_RISK
INV002689,8,50.0,AT_RISK
INV002693,7,45.833333333333336,AT_RISK
INV002697,7,55.333333333333336,AT_RISK
INV002700,7,79.83333333333333,AT_RISK
INV002704,8,59.142857142857146,AT_RISK
INV002705,8,22.571428571428573,HEALTHY
INV002706,6,73.6,AT_RISK
INV002711,8,65.57142857142857,AT_RISK
INV002712,11,46.8,AT_RISK
INV002722,6,61.4,AT_RISK
INV002723,9,37.75,AT_RISK
INV002724,6,76.6,AT_RISK
INV002726,8,45.57142857142857,AT_RISK
INV002732,8,70.71428571428571,AT_RISK
INV002733,8,51.57142857142857,AT_RISK
INV002735,7,68.16666666666667,AT_RISK
INV002736,6,70.6,AT_RISK
INV002737,8,58.42857142857143,AT_RISK
INV002743,6,88.2,AT_RISK
INV002744,10,52.888888888888886,AT_RISK
INV002746,8,68.0,AT_RISK
INV002750,6,72.4,AT_RISK
INV002751,7,41.5,AT_RISK
INV002758,6,81.0,AT_RISK
INV002761,6,80.6,AT_RISK
INV002766,6,70.6,AT_RISK
INV002767,7,55.333333333333336,AT_RISK
INV002769,7,82.0,AT_RISK
INV002772,7,74.5,AT_RISK
INV002779,6,64.2,AT_RISK
INV002783,7,64.0,AT_RISK
INV002786,7,76.33333333333333,AT_RISK
INV002793,7,59.333333333333336,AT_RISK
INV002794,7,56.166666666666664,AT_RISK
INV002799,6,70.8,AT_RISK
INV002800,7,63.5,AT_RISK
INV002803,7,64.83333333333333,AT_RISK
INV002804,8,59.857142857142854,AT_RISK
INV002808,7,59.666666666666664,AT_RISK
INV002809,6,81.4,AT_RISK
INV002810,8,32.285714285714285,HEALTHY
INV002813,7,49.0,AT_RISK
INV002822,7,53.0,AT_RISK
INV002824,7,71.83333333333333,AT_RISK
INV002826,6,61.6,AT_RISK
INV002827,6,73.6,AT_RISK
INV002828,6,80.0,AT_RISK
INV002831,6,40.2,AT_RISK
INV002835,7,82.33333333333333,AT_RISK
INV002838,8,56.714285714285715,AT_RISK
INV002841,6,43.4,AT_RISK
INV002843,8,43.142857142857146,AT_RISK
INV002847,10,52.666666666666664,AT_RISK
INV002850,7,53.166666666666664,AT_RISK
INV002852,6,75.8,AT_RISK
INV002859,7,76.5,AT_RISK
INV002863,6,74.4,AT_RISK
INV002865,6,37.2,AT_RISK
INV002870,6,48.2,AT_RISK
INV002872,6,85.6,AT_RISK
INV002873,6,98.2,AT_RISK
INV002879,7,72.16666666666667,AT_RISK
INV002881,6,43.6,AT_RISK
INV002883,6,96.0,AT_RISK
INV002886,7,44.333333333333336,AT_RISK
INV002891,8,72.71428571428571,AT_RISK
INV002893,9,50.0,AT_RISK
INV002900,6,64.2,AT_RISK
INV002903,6,89.6,AT_RISK
INV002904,7,49.333333333333336,AT_RISK
INV002905,6,73.0,AT_RISK
INV002906,6,41.2,AT_RISK
INV002909,7,82.33333333333333,AT_RISK
INV002912,6,97.0,AT_RISK
INV002913,7,73.66666666666667,AT_RISK
INV002915,8,49.285714285714285,AT_RISK
INV002921,7,53.333333333333336,AT_RISK
INV002927,8,40.285714285714285,AT_RISK
INV002935,7,48.0,AT_RISK
INV002937,7,67.16666666666667,AT_RISK
INV002939,7,60.5,AT_RISK
INV002942,9,55.5,AT_RISK
INV002945,8,65.0,AT_RISK
INV002947,7,64.16666666666667,AT_RISK
INV002950,8,45.857142857142854,AT_RISK
INV002951,7,51.833333333333336,AT_RISK
INV002961,7,84.66666666666667,AT_RISK
INV002974,7,51.333333333333336,AT_RISK
INV002984,6,91.0,AT_RISK
INV002989,6,86.6,AT_RISK
INV002994,7,58.166666666666664,AT_RISK
INV003000,7,67.0,AT_RISK
INV003003,9,58.25,AT_RISK
INV003005,8,53.142857142857146,AT_RISK
INV003007,9,48.25,AT_RISK
INV003009,9,38.125,AT_RISK
INV003011,7,64.16666666666667,AT_RISK
INV003014,6,82.4,AT_RISK
INV003015,7,54.666666666666664,AT_RISK
INV003018,6,49.2,AT_RISK
INV003022,6,69.6,AT_RISK
INV003024,6,44.2,AT_RISK
INV003025,8,35.285714285714285,AT_RISK
INV003028,6,91.4,AT_RISK
INV003034,6,73.4,AT_RISK
INV003036,8,57.714285714285715,AT_RISK
INV003037,7,79.5,AT_RISK
INV003040,6,74.0,AT_RISK
INV003043,7,73.83333333333333,AT_RISK
INV003044,7,71.16666666666667,AT_RISK
INV003045,6,36.2,AT_RISK
INV003047,8,70.14285714285714,AT_RISK
INV003054,7,78.66666666666667,AT_RISK
INV003060,7,79.0,AT_RISK
INV003063,7,57.833333333333336,AT_RISK
INV003070,9,54.5,AT_RISK
INV003074,6,74.8,AT_RISK
INV003075,8,57.42857142857143,AT_RISK
INV003078,7,69.16666666666667,AT_RISK
INV003082,8,46.42857142857143,AT_RISK
INV003083,6,66.4,AT_RISK
INV003089,6,65.0,AT_RISK
INV003091,9,50.875,AT_RISK
INV003095,6,86.6,AT_RISK
INV003097,8,62.714285714285715,AT_RISK
INV003105,7,65.5,AT_RISK
INV003112,6,91.6,AT_RISK
INV003113,8,66.85714285714286,AT_RISK
INV003115,6,48.0,AT_RISK
INV003117,8,66.57142857142857,AT_RISK
INV003134,7,76.83333333333333,AT_RISK
INV003139,7,55.166666666666664,AT_RISK
INV003140,8,57.0,AT_RISK
INV003141,7,67.5,AT_RISK
INV003144,7,82.5,AT_RISK
INV003146,9,59.5,AT_RISK
INV003151,6,81.0,AT_RISK
INV003153,7,40.666666666666664,AT_RISK
INV003158,9,55.625,AT_RISK
INV003161,6,77.4,AT_RISK
INV003169,6,62.6,AT_RISK
INV003178,6,56.4,AT_RISK
INV003179,9,56.25,AT_RISK
INV003185,6,65.2,AT_RISK
INV003187,9,58.25,AT_RISK
INV003189,9,55.125,AT_RISK
INV003191,6,76.8,AT_RISK
INV003193,6,96.6,AT_RISK
INV003196,7,80.33333333333333,AT_RISK
INV003205,7,67.66666666666667,AT_RISK
INV003210,6,72.2,AT_RISK
INV003211,7,69.0,AT_RISK
INV003214,6,59.8,AT_RISK
INV003215,7,60.833333333333336,AT_RISK
INV003219,6,57.2,AT_RISK
INV003221,7,61.166666666666664,AT_RISK
INV003222,7,81.5,AT_RISK
INV003223,8,67.71428571428571,AT_RISK
INV003228,7,70.16666666666667,AT_RISK
INV003230,7,67.5,AT_RISK
INV003231,7,83.0,AT_RISK
INV003234,6,96.6,AT_RISK
INV003236,9,51.125,AT_RISK
INV003242,7,61.0,AT_RISK
INV003247,6,84.6,AT_RISK
INV003252,6,67.6,AT_RISK
INV003256,7,51.0,AT_RISK
INV003257,6,61.8,AT_RISK
INV003260,6,89.4,AT_RISK
INV003262,6,85.2,AT_RISK
INV003267,6,74.4,AT_RISK
INV003271,7,61.166666666666664,AT_RISK
INV003273,8,60.142857142857146,AT_RISK
INV003277,8,53.714285714285715,AT_RISK
INV003279,9,63.375,AT_RISK
INV003289,7,64.83333333333333,AT_RISK
INV003300,6,64.8,AT_RISK
INV003301,9,59.375,AT_RISK
INV003304,10,44.22222222222222,AT_RISK
INV003308,9,56.75,AT_RISK
INV003310,6,80.8,AT_RISK
INV003311,9,48.0,AT_RISK
INV003314,7,73.5,AT_RISK
INV003317,8,44.142857142857146,AT_RISK
INV003320,8,45.285714285714285,AT_RISK
INV003325,6,101.0,AT_RISK
INV003329,6,89.0,AT_RISK
INV003336,7,72.33333333333333,AT_RISK
INV003338,9,37.5,AT_RISK
INV003344,6,86.6,AT_RISK
INV003350,6,92.4,AT_RISK
INV003351,6,54.0,AT_RISK
INV003352,8,68.14285714285714,AT_RISK
INV003357,6,62.4,AT_RISK
INV003360,8,59.42857142857143,AT_RISK
INV003370,7,63.333333333333336,AT_RISK
INV003372,6,59.4,AT_RISK
INV003374,7,56.5,AT_RISK
INV003375,8,52.714285714285715,AT_RISK
INV003376,6,85.8,AT_RISK
INV003379,7,75.16666666666667,AT_RISK
INV003380,6,72.4,AT_RISK
INV003382,6,34.2,HEALTHY
INV003391,6,56.6,AT_RISK
INV003393,8,63.714285714285715,AT_RISK
INV003395,6,79.0,AT_RISK
INV003398,8,55.42857142857143,AT_RISK
INV003403,6,56.6,AT_RISK
INV003404,8,50.285714285714285,AT_RISK
INV003405,8,41.0,AT_RISK
INV003406,8,59.0,AT_RISK
INV003407,8,57.42857142857143,AT_RISK
INV003422,7,84.66666666666667,AT_RISK
INV003424,7,73.16666666666667,AT_RISK
INV003427,6,84.2,AT_RISK
INV003430,6,73.4,AT_RISK
INV003431,6,51.4,AT_RISK
INV003432,7,61.333333333333336,AT_RISK
INV003435,7,73.83333333333333,AT_RISK
INV003437,6,91.2,AT_RISK
INV003448,7,74.5,AT_RISK
INV003450,10,47.666666666666664,AT_RISK
INV003455,7,35.5,AT_RISK
INV003457,7,60.5,AT_RISK
INV003458,8,67.85714285714286,AT_RISK
INV003459,6,59.4,AT_RISK
INV003473,6,95.8,AT_RISK
INV003475,9,56.0,AT_RISK
INV003478,9,56.625,AT_RISK
INV003479,8,65.71428571428571,AT_RISK
INV003480,6,82.4,AT_RISK
INV003484,6,73.8,AT_RISK
INV003487,6,70.6,AT_RISK
INV003491,9,59.125,AT_RISK
INV003492,6,90.8,AT_RISK
INV003495,10,49.22222222222222,AT_RISK
INV003506,7,67.0,AT_RISK
INV003509,9,60.875,AT_RISK
INV003511,8,65.57142857142857,AT_RISK
INV003514,6,74.2,AT_RISK
INV003518,6,67.8,AT_RISK
INV003521,6,89.0,AT_RISK
INV003524,7,64.16666666666667,AT_RISK
INV003526,6,88.2,AT_RISK
INV003528,9,58.625,AT_RISK
INV003530,6,51.0,AT_RISK
INV003531,6,76.4,AT_RISK
INV003534,8,52.714285714285715,AT_RISK
INV003545,6,90.0,AT_RISK
INV003556,6,77.6,AT_RISK
INV003557,6,66.4,AT_RISK
INV003558,7,39.166666666666664,AT_RISK
INV003559,10,48.333333333333336,AT_RISK
INV003562,7,80.5,AT_RISK
INV003564,8,71.0,AT_RISK
INV003580,7,72.16666666666667,AT_RISK
INV003581,8,51.285714285714285,AT_RISK
INV003582,7,49.333333333333336,AT_RISK
INV003586,8,54.285714285714285,AT_RISK
INV003592,6,75.6,AT_RISK
INV003593,6,78.2,AT_RISK
INV003598,8,68.0,AT_RISK
INV003599,6,50.0,AT_RISK
INV003601,9,45.25,AT_RISK
INV003604,6,90.2,AT_RISK
INV003607,6,70.4,AT_RISK
INV003611,7,68.83333333333333,AT_RISK
INV003613,8,67.42857142857143,AT_RISK
INV003619,6,72.0,AT_RISK
INV003625,6,62.4,AT_RISK
INV003627,7,59.166666666666664,AT_RISK
INV003630,7,52.0,AT_RISK
INV003633,6,78.8,AT_RISK
INV003634,6,47.8,AT_RISK
INV003635,10,47.111111111111114,AT_RISK
INV003641,8,67.0,AT_RISK
INV003642,7,53.166666666666664,AT_RISK
INV003645,6,95.2,AT_RISK
INV003649,6,96.8,AT_RISK
INV003650,11,33.9,HEALTHY
INV003654,7,60.5,AT_RISK
INV003655,10,49.77777777777778,AT_RISK
INV003658,8,70.71428571428571,AT_RISK
INV003660,6,79.0,AT_RISK
INV003669,7,53.5,AT_RISK
INV003670,8,70.85714285714286,AT_RISK
INV003672,6,77.2,AT_RISK
INV003673,8,68.85714285714286,AT_RISK
INV003678,6,32.8,HEALTHY
INV003681,9,51.0,AT_RISK
INV003683,6,92.4,AT_RISK
INV003684,6,98.2,AT_RISK
INV003685,6,80.2,AT_RISK
INV003686,6,96.6,AT_RISK
INV003693,7,71.33333333333333,AT_RISK
INV003695,7,51.666666666666664,AT_RISK
INV003696,6,75.8,AT_RISK
INV003697,7,76.66666666666667,AT_RISK
INV003702,7,72.66666666666667,AT_RISK
INV003705,6,78.8,AT_RISK
INV003707,6,68.6,AT_RISK
INV003708,7,60.5,AT_RISK
INV003709,6,80.2,AT_RISK
INV003710,6,78.6,AT_RISK
INV003711,6,72.2,AT_RISK
INV003712,6,79.6,AT_RISK
INV003713,7,81.5,AT_RISK
INV003718,6,91.4,AT_RISK
INV003720,6,74.6,AT_RISK
INV003722,7,50.666666666666664,AT_RISK
INV003723,6,61.8,AT_RISK
INV003724,7,68.0,AT_RISK
INV003733,6,88.8,AT_RISK
INV003734,8,59.0,AT_RISK
INV003735,8,45.857142857142854,AT_RISK
INV003736,7,77.16666666666667,AT_RISK
INV003738,6,50.6,AT_RISK
INV003740,7,51.833333333333336,AT_RISK
INV003741,7,67.66666666666667,AT_RISK
INV003744,6,86.8,AT_RISK
INV003745,6,70.2,AT_RISK
INV003748,8,56.142857142857146,AT_RISK
INV003757,7,81.83333333333333,AT_RISK
INV003761,8,51.857142857142854,AT_RISK
INV003766,8,65.28571428571429,AT_RISK
INV003767,9,47.5,AT_RISK
INV003771,10,50.77777777777778,AT_RISK
INV003772,9,34.5,HEALTHY
INV003775,6,74.0,AT_RISK
INV003779,6,76.4,AT_RISK
INV003780,8,57.42857142857143,AT_RISK
INV003781,7,64.83333333333333,AT_RISK
INV003785,6,74.2,AT_RISK
INV003787,9,63.25,AT_RISK
INV003793,7,72.33333333333333,AT_RISK
INV003795,7,67.66666666666667,AT_RISK
INV003811,7,78.66666666666667,AT_RISK
INV003812,7,50.833333333333336,AT_RISK
INV003813,6,82.2,AT_RISK
INV003815,7,72.5,AT_RISK
INV003824,7,71.5,AT_RISK
INV003825,6,81.2,AT_RISK
INV003828,7,30.666666666666668,HEALTHY
INV003829,10,48.55555555555556,AT_RISK
INV003830,6,71.4,AT_RISK
INV003844,7,68.5,AT_RISK
INV003847,8,50.0,AT_RISK
INV003849,6,77.2,AT_RISK
INV003851,7,57.833333333333336,AT_RISK
INV003860,6,46.0,AT_RISK
INV003862,7,60.166666666666664,AT_RISK
INV003865,7,85.16666666666667,AT_RISK
INV003868,6,87.6,AT_RISK
INV003872,9,45.375,AT_RISK
INV003876,6,77.6,AT_RISK
INV003880,8,68.57142857142857,AT_RISK
INV003885,6,71.6,AT_RISK
INV003892,10,55.22222222222222,AT_RISK
INV003896,6,82.0,AT_RISK
INV003897,6,71.6,AT_RISK
INV003903,8,50.285714285714285,AT_RISK
INV003905,7,62.5,AT_RISK
INV003906,10,55.111111111111114,AT_RISK
INV003912,6,68.6,AT_RISK
INV003913,8,61.42857142857143,AT_RISK
INV003916,6,67.2,AT_RISK
INV003920,8,66.85714285714286,AT_RISK
INV003936,6,89.6,AT_RISK
INV003938,7,52.5,AT_RISK
INV003940,7,70.66666666666667,AT_RISK
INV003943,9,42.5,AT_RISK
INV003945,7,56.333333333333336,AT_RISK
INV003946,7,69.16666666666667,AT_RISK
INV003948,7,43.666666666666664,AT_RISK
INV003952,7,54.666666666666664,AT_RISK
INV003958,6,85.6,AT_RISK
INV003962,8,68.71428571428571,AT_RISK
INV003964,10,51.22222222222222,AT_RISK
INV003968,6,92.4,AT_RISK
INV003972,6,84.2,AT_RISK
INV003975,8,50.142857142857146,AT_RISK
INV003978,8,68.14285714285714,AT_RISK
INV003979,8,56.0,AT_RISK
INV003981,7,67.66666666666667,AT_RISK
INV003985,6,93.0,AT_RISK
INV003996,6,95.2,AT_RISK
INV004001,8,40.285714285714285,AT_RISK
INV004004,10,40.77777777777778,AT_RISK
INV004005,7,73.66666666666667,AT_RISK
INV004007,7,38.833333333333336,AT_RISK
INV004009,8,62.285714285714285,AT_RISK
INV004014,9,61.875,AT_RISK
INV004015,6,88.0,AT_RISK
INV004017,7,40.5,AT_RISK
INV004023,10,52.0,AT_RISK
INV004037,6,74.6,AT_RISK
INV004038,7,71.66666666666667,AT_RISK
INV004049,6,48.2,AT_RISK
INV004063,8,56.57142857142857,AT_RISK
INV004066,7,75.16666666666667,AT_RISK
INV004069,6,74.0,AT_RISK
INV004070,7,67.66666666666667,AT_RISK
INV004079,7,71.33333333333333,AT_RISK
INV004085,7,68.33333333333333,AT_RISK
INV004091,6,73.6,AT_RISK
INV004094,6,55.8,AT_RISK
INV004098,6,58.2,AT_RISK
INV004099,6,58.8,AT_RISK
INV004106,6,55.8,AT_RISK
INV004112,6,55.2,AT_RISK
INV004116,10,54.888888888888886,AT_RISK
INV004118,6,64.6,AT_RISK
INV004119,6,73.2,AT_RISK
INV004123,6,85.0,AT_RISK
INV004124,6,63.8,AT_RISK
INV004125,9,61.625,AT_RISK
INV004127,6,87.6,AT_RISK
INV004128,6,67.2,AT_RISK
INV004134,6,35.4,AT_RISK
INV004135,10,50.111111111111114,AT_RISK
INV004143,6,97.0,AT_RISK
INV004145,6,66.2,AT_RISK
INV004146,6,88.2,AT_RISK
INV004147,6,72.2,AT_RISK
INV004149,6,50.2,AT_RISK
INV004151,8,63.142857142857146,AT_RISK
INV004153,8,60.0,AT_RISK
INV004154,12,46.72727272727273,AT_RISK
INV004172,8,63.0,AT_RISK
INV004174,6,86.6,AT_RISK
INV004175,8,67.85714285714286,AT_RISK
INV004177,8,45.42857142857143,AT_RISK
INV004179,6,71.2,AT_RISK
INV004181,6,93.4,AT_RISK
INV004191,7,77.16666666666667,AT_RISK
INV004196,7,78.33333333333333,AT_RISK
INV004199,6,58.2,AT_RISK
INV004202,9,47.625,AT_RISK
INV004203,8,66.57142857142857,AT_RISK
INV004208,6,73.4,AT_RISK
INV004212,7,69.33333333333333,AT_RISK
INV004216,7,82.0,AT_RISK
INV004228,7,72.33333333333333,AT_RISK
INV004232,6,71.4,AT_RISK
INV004239,8,61.142857142857146,AT_RISK
INV004241,10,53.666666666666664,AT_RISK
INV004243,8,55.714285714285715,AT_RISK
INV004246,7,34.166666666666664,HEALTHY
INV004247,6,87.2,AT_RISK
INV004248,7,42.666666666666664,AT_RISK
INV004258,7,49.666666666666664,AT_RISK
INV004266,7,61.833333333333336,AT_RISK
INV004267,7,53.333333333333336,AT_RISK
INV004270,7,69.66666666666667,AT_RISK
INV004271,6,79.8,AT_RISK
INV004279,8,50.285714285714285,AT_RISK
INV004281,8,41.714285714285715,AT_RISK
INV004282,8,52.857142857142854,AT_RISK
INV004285,7,76.16666666666667,AT_RISK
INV004288,7,72.83333333333333,AT_RISK
INV004289,11,45.9,AT_RISK
INV004293,6,81.8,AT_RISK
INV004295,9,44.75,AT_RISK
INV004296,6,102.2,AT_RISK
INV004297,9,41.875,AT_RISK
INV004299,8,64.14285714285714,AT_RISK
INV004306,7,57.0,AT_RISK
INV004308,7,84.66666666666667,AT_RISK
INV004314,6,83.0,AT_RISK
INV004319,9,60.5,AT_RISK
INV004321,9,42.0,AT_RISK
INV004324,7,77.66666666666667,AT_RISK
INV004326,10,40.111111111111114,AT_RISK
INV004332,8,64.71428571428571,AT_RISK
INV004335,8,64.42857142857143,AT_RISK
INV004338,10,48.888888888888886,AT_RISK
INV004340,6,67.8,AT_RISK
INV004343,6,63.0,AT_RISK
INV004348,6,52.2,AT_RISK
INV004349,7,72.5,AT_RISK
INV004356,6,30.8,HEALTHY
INV004357,8,72.42857142857143,AT_RISK
INV004358,8,45.857142857142854,AT_RISK
INV004361,8,61.57142857142857,AT_RISK
INV004364,6,80.6,AT_RISK
INV004367,6,81.6,AT_RISK
INV004372,6,59.2,AT_RISK
INV004391,6,57.0,AT_RISK
INV004392,6,90.4,AT_RISK
INV004400,8,46.57142857142857,AT_RISK
INV004401,8,69.85714285714286,AT_RISK
INV004403,6,73.6,AT_RISK
INV004410,11,40.9,AT_RISK
INV004411,6,61.0,AT_RISK
INV004412,7,82.33333333333333,AT_RISK
INV004413,8,69.0,AT_RISK
INV004414,8,53.857142857142854,AT_RISK
INV004421,6,90.8,AT_RISK
INV004427,11,50.8,AT_RISK
INV004434,6,84.6,AT_RISK
INV004446,6,65.8,AT_RISK
INV004447,7,49.833333333333336,AT_RISK
INV004450,6,61.6,AT_RISK
INV004451,6,84.0,AT_RISK
INV004452,7,81.0,AT_RISK
INV004454,6,98.4,AT_RISK
INV004455,6,50.0,AT_RISK
INV004457,6,81.4,AT_RISK
INV004459,7,53.833333333333336,AT_RISK
INV004460,9,42.5,AT_RISK
INV004463,6,94.8,AT_RISK
INV004464,7,62.5,AT_RISK
INV004468,7,76.83333333333333,AT_RISK
INV004472,7,50.666666666666664,AT_RISK
INV004473,7,73.33333333333333,AT_RISK
INV004475,7,67.83333333333333,AT_RISK
INV004477,8,58.714285714285715,AT_RISK
INV004484,6,61.6,AT_RISK
INV004502,7,74.5,AT_RISK
INV004504,8,55.142857142857146,AT_RISK
INV004511,6,37.2,AT_RISK
INV004517,6,86.6,AT_RISK
INV004521,7,54.5,AT_RISK
INV004523,6,87.2,AT_RISK
INV004528,7,54.0,AT_RISK
INV004531,8,60.0,AT_RISK
INV004533,7,55.0,AT_RISK
INV004542,7,34.0,HEALTHY
INV004547,7,67.5,AT_RISK
INV004555,8,53.142857142857146,AT_RISK
INV004560,9,48.375,AT_RISK
INV004562,6,83.8,AT_RISK
INV004563,7,64.83333333333333,AT_RISK
INV004574,8,54.57142857142857,AT_RISK
INV004576,6,63.0,AT_RISK
INV004579,8,43.857142857142854,AT_RISK
INV004581,8,72.14285714285714,AT_RISK
INV004589,6,71.4,AT_RISK
INV004594,8,59.142857142857146,AT_RISK
INV004598,6,84.2,AT_RISK
INV004602,9,59.625,AT_RISK
INV004607,8,56.0,AT_RISK
INV004608,8,55.0,AT_RISK
INV004611,7,51.166666666666664,AT_RISK
INV004614,6,79.6,AT_RISK
INV004617,9,39.25,AT_RISK
INV004621,9,54.25,AT_RISK
INV004625,6,96.4,AT_RISK
INV004629,8,64.57142857142857,AT_RISK
INV004630,9,50.625,AT_RISK
INV004631,8,64.71428571428571,AT_RISK
INV004633,7,78.16666666666667,AT_RISK
INV004635,7,58.666666666666664,AT_RISK
INV004636,6,75.6,AT_RISK
INV004638,7,54.333333333333336,AT_RISK
INV004640,7,68.33333333333333,AT_RISK
INV004641,6,67.8,AT_RISK
INV004642,6,54.8,AT_RISK
INV004643,6,50.6,AT_RISK
INV004646,7,64.5,AT_RISK
INV004647,7,70.66666666666667,AT_RISK
INV004650,6,80.8,AT_RISK
INV004661,8,69.71428571428571,AT_RISK
INV004665,6,83.4,AT_RISK
INV004672,7,72.0,AT_RISK
INV004680,7,47.166666666666664,AT_RISK
INV004682,9,42.25,AT_RISK
INV004688,6,77.6,AT_RISK
INV004692,6,83.6,AT_RISK
INV004701,7,20.0,HEALTHY
INV004704,6,93.8,AT_RISK
INV004712,8,48.57142857142857,AT_RISK
INV004715,7,56.833333333333336,AT_RISK
INV004716,7,74.0,AT_RISK
INV004737,10,54.55555555555556,AT_RISK
INV004738,6,93.2,AT_RISK
INV004741,7,72.33333333333333,AT_RISK
INV004753,6,61.4,AT_RISK
INV004755,7,61.166666666666664,AT_RISK
INV004761,6,71.4,AT_RISK
INV004763,7,83.5,AT_RISK
INV004764,6,83.0,AT_RISK
INV004770,8,72.85714285714286,AT_RISK
INV004776,9,57.375,AT_RISK
INV004780,7,69.5,AT_RISK
INV004785,7,66.16666666666667,AT_RISK
INV004787,7,72.33333333333333,AT_RISK
INV004798,7,53.666666666666664,AT_RISK
INV004804,6,79.2,AT_RISK
INV004805,7,44.666666666666664,AT_RISK
INV004807,8,36.857142857142854,AT_RISK
INV004813,6,62.0,AT_RISK
INV004819,7,62.0,AT_RISK
INV004825,7,70.0,AT_RISK
INV004833,6,65.4,AT_RISK
INV004834,9,38.625,AT_RISK
INV004840,7,41.0,AT_RISK
INV004843,8,50.857142857142854,AT_RISK
INV004844,7,66.66666666666667,AT_RISK
INV004845,6,81.8,AT_RISK
INV004847,7,73.5,AT_RISK
INV004848,9,54.125,AT_RISK
INV004860,6,78.4,AT_RISK
INV004863,7,68.0,AT_RISK
INV004864,8,43.285714285714285,AT_RISK
INV004865,7,76.33333333333333,AT_RISK
INV004868,8,56.0,AT_RISK
INV004871,8,69.14285714285714,AT_RISK
INV004877,7,80.5,AT_RISK
INV004889,7,70.66666666666667,AT_RISK
INV004891,8,55.857142857142854,AT_RISK
INV004896,6,79.4,AT_RISK
INV004901,6,54.6,AT_RISK
INV004911,7,63.666666666666664,AT_RISK
INV004913,6,87.0,AT_RISK
INV004916,7,75.5,AT_RISK
INV004917,7,51.0,AT_RISK
INV004924,9,59.75,AT_RISK
INV004925,7,70.83333333333333,AT_RISK
INV004926,8,66.28571428571429,AT_RISK
INV004927,7,34.166666666666664,HEALTHY
INV004947,6,45.0,AT_RISK
INV004953,7,67.16666666666667,AT_RISK
INV004956,8,59.142857142857146,AT_RISK
INV004958,7,73.16666666666667,AT_RISK
INV004959,6,68.6,AT_RISK
INV004967,6,63.2,AT_RISK
INV004973,9,55.0,AT_RISK
INV004974,8,52.42857142857143,AT_RISK
INV004978,7,63.833333333333336,AT_RISK
INV004981,8,49.142857142857146,AT_RISK
INV004983,7,57.666666666666664,AT_RISK
INV004984,7,75.33333333333333,AT_RISK
INV004986,7,81.33333333333333,AT_RISK
INV004992,7,81.5,AT_RISK
INV004996,10,46.333333333333336,AT_RISK
INV004997,7,71.0,AT_RISK
